ID,Exchange,RemoteName,CLLIcode,Description
861,CARPENTER,RT CRPN-RNCH RANCH,CRPNWYXCRS1,CRPN-RNCH
862,CARPENTER,MILR,CRPNWYXCRS1,CRPN-MILR
864,CRPN,RT CRPN-ARRD ARCOLA RD,CRPNWYXCRS1,CRPN-ARRD
865,CARPENTER,RT CRPN-RGTH RAGETH,CRPNWYXCRS1,CRPN-RGTH
873,CRPN,ELEMENT NOT FOUND,,Unidentified_30
877,CRPN,RT CRPN-DARY DAIRY,CRPNWYXCRS1,CRPN-DARY
878,CARPENTER,RT CRPN-ECPR EAST CARPENTER,CRPNWYXCRS1,CRPN-ECPR
880,CRPN,RT CRPN-BAMN BAUMAN,CRPNWYXCRS1,CRPN-BAMN
881,CARPENTER,CRPN,CRPNWYXCRS1,CRPN-CO
1081,ALBN,RT ALBN-MRDN MERIDEN,ALBN-MRDN,ALBN-MRDN
1083,ALBN,ELEMENT NOT FOUND,,Unidentified_31
1085,ALBN,ELEMENT NOT FOUND,,Unidentified_32
1087,ALBN,RT ALBN-MDWY MIDWAY,ALBN-MDWY,ALBN-MDWY
1088,ALBN,"RT ALBN-TORY TORRINGTON ""Y"",""ALBN-TORY",ALBN-TORY,
1089,ALBN,RT ALBN-MLLR MILLER,ALBN-MLLR,ALBN-MLLR
1090,ALBN,RT ALBN-GDPR GOLDEN PRAIRIE,ALBN-GDPR,ALBN-GDPR
1091,ALBN,RT ALBN-LRWK LERWICK,ALBN-LRWK,ALBN-LRWK
1094,ALBN,RT ALBN-SALB SOUTH ALBIN,ALBN-SALB,ALBN-SALB
1095,BRNS,RT BRNS-TWNS TOWNS,BRNS-TWNS,BRNS-TWNS
1096,BRNS,RT BRNS-KING KING,BRNS-KING,BRNS-KING
1097,BRNS,RT BRNS-LYON LYON,BRNS-LYON,BRNS-LYON
1098,BRNS,RT BRNS-HLDL HILLSDALE,BRNS-HLDL,BRNS-HLDL
1099,BRNS,RT BRNS-DRHM DURHAM,BRNS-DRHM,BRNS-DRHM
1100,BRNS,RT BRNS BURNS,BRNS,BRNS-CO
1101,BRNS,RT BRNS-MSRD MISSLE RD,BRNS-MSRD,BRNS-MSRD
1102,BRNS,RT BRNS-STRD STUCKEY RD,BRNS-STRD,BRNS-STRD
1103,BRNS,RT BRNS-THBN THUNDER BASIN,BRNS-THBN,BRNS-THBN
1104,GSHL,RT GSHL GAS HILLS,GSHL,GSHL-CO
1105,GSHL,RT HLND HILAND HUT,HLND,GSHL-HLND
1106,GSHL,RT GSHL-DRCR DRY CREEK,GSHL-DRCR,GSHL-DRCR
1107,PNBL,RT PNBL PINE BLUFFS,PNBL,PNBL-CO
1108,PNBL,RT PNBL-LNDB LINDBERG,PNBL-LNDB,PNBL-LNDB
1109,PNBL,RT PNBL-BKHL BLACK HILLS SOUTH,PNBL-BKHL,PNBL-BKHL
1110,PNBL,RT PNBL-TNTH TENTH,PNBL-TNTH,PNBL-TNTH
1111,PNBL,RT PNBL-CVTN CHIVINGTON,PNBL-CVTN,PNBL-CVTN
1112,BRNS,RT BRNS-TRNY TIERNEY,BRNS-TRNY,BRNS-TRNY
1115,BRNS,RT BRNS-MRTN MARTIN,BRNS-MRTN,BRNS-MRTN
1116,BRNS,RT BRNS-EGBT EGBERT,BRNS-EGBT,BRNS-EGBT
1318,BROADUS,BROADUS NW,BRDSMTXBDS0,BRDS-BRNW
1319,BROADUS,BROADUS NE,BRDSMTXBDS0,BRDS-BRNE
1320,BROADUS,SANDCREEK,BRDSMTXBDS0,BRDS-SAND
1321,Broadus,BROADUS,BRDSMTXBDS0,BRDS-CO
1322,BROADUS,BURLEY,BRDSMTXBDS0,BRDS-BRLY
1324,PNBL,RT PNBL-POPL POTATO PLANT,PNBL-POPL,PNBL-POPL
1325,PNBL,RT PNBL-FORN FORNSTROM,PNBL-FORN,PNBL-FORN
1328,THRM,RT THRM-STHM  SOUTH THERMOPOLIS,THRM-STHM,THRM-STHM
1525,JFCY,RT JFCY JEFFREY CITY,JFCY,JFCY-CO
1526,SHSH,RT SHSH-BRCR BRIDGER CREEK,SHSH-BRCR,SHSH-BRCR
1527,SHSH,RT SHSH-LYST LYSITE HUT,SHSH-LYST,SHSH-LYST
1528,SHSH,RT SHSH-LTCN LOST CABIN,SHSH-LTCN,SHSH-LTCN
1530,THRM,RT THRM-BKMN BLACK MOUNTAIN RD,THRM-BKMN,THRM-BKMN
1531,THRM,RT THRM-KBCK KIRBY CREEK,THRM-KBCK,THRM-KBCK
1532,THRM,RT THRM-SGVL SAGE VALLEY,THRM-SGVL,THRM-SGVL
1533,THRM,RT THRM 407 N 6 APTS,THRM,THRM-MADN
1534,THRM,RT THRM-BDWY BROADWAY,THRM-BDWY,THRM-BDWY
1535,THRM,RT THRM-CNYN 1210 CANYON HILLS RD,THRM-CNYN,THRM-CNYN
1536,THERMOPOLIS,RT THRM-FRMT FREMONT,THRMWYXCRS1,THRM-FRMT
1537,THRM,EAST THERMOPOLIS,THRM,THRM-ETHM
1538,THRM,RDRK RED ROCK,THRMWYXCRS1,THRM-RDRK
1539,THRM,RT THRM-KCRS KIRBY CREEK RESERVOIR,THRM-KCRS,THRM-KCRS
1540,THRM,RT THRM-NTHM  NORTH THERMOPOLIS,THRM-NTHM,THRM-NTHM
1541,THRM,RT THRM-CBMN  COWBOY MINE RD,THRM-CBMN,THRM-CBMN
1543,THRM,RT THRM-RDLN RED LANE,THRM-RDLN,THRM-RDLN
1544,THRM,MOUNTAIN VIEW,THRMWYXCRS1,THRM-MTVW
1545,THERMOPOLIS,CO,THRMWYXCRS1,THRM-CO
1546,WRLD,RT WRLD-FCNL  FRITZ CANAL,WRLD-FCNL,WRLD-FCNL
1547,WRLD,RT WRLD-DRKE  DURKEE,WRLD-DRKE,WRLD-DRKE
1548,WRLD,RT WRLD-RSRG  RATTLE SNAKE RIDGE,WRLD-RSRG,WRLD-RSRG
1549,WRLD,RT WRLD-WRRD WEST RIVER RD,WRLD-WRRD,WRLD-WRRD
1551,WORLAND,RT WRLD-PLSV PLEASANT VIEW,WRLDWYXCDS0,WRLD-PLSV
1552,WRLD,RT WRLD-ARPS  ARPS SUBDIVISION,WRLD-ARPS,WRLD-ARPS
1553,WRLD,RT WRLD-LWSN LAWSON,WRLD-LWSN,WRLD-LWSN
1554,WRLD,RT WRLD-RSSL RUSSELL,WRLD-RSSL,WRLD-RSSL
1555,WRLD,RT WRLD-CBRN1 COBURN 1,WRLD-CBRN1,WRLD-CBRA
1556,WRLD,RT WRLD-CBRN2 COBURN 2,WRLD-CBRN2,WRLD-CBRB
1557,WRLD,RT WRLD-ESES EAST SIDE ELEMENTARY SCHOOL,WRLD-ESES,WRLD-ESES
1558,WRLD,RT WRLD-PTBR PAINTBRUSH,WRLD-PTBR,WRLD-PTBR
1559,WRLD,RT WRLD-PTBRFSB PAINTBRUSH B,ALZDMTXCRS1,WRLD-PTBB
1560,WORLAND,RT WRLD-WMCC WASHAKIE MUSEUM CULTURAL CENTER,WRLD-WMCC,WRLD-WMCC
1561,WRLD,RT WRLD-WSSC WEST SIDE SCHOOL,WRLD-WSSC,WRLD-WSSC
1562,WORLAND,SOUTH SIDE ELEMENTARY SCHOOL,WRLDWYXCDS0,WRLD-SSES
1563,WRLD,RT WRLD-SAGE SAGE,WRLD-SAGE,WRLD-SAGE
1564,WRLD,RT WRLD-ASPN ASPEN,WRLD-ASPN,WRLD-ASPN
1565,WRLD,RT WRLD-LKLN LARKIN LN,WRLD-LKLN,WRLD-LKLN
1566,WRLD,RT WRLD-BYSL  BOYS SCHOOL,WRLD-BYSL,WRLD-BYSL
1567,WRLD,RT WRLD-ARPT AIRPORT,WRLD-ARPT,WRLD-ARPT
1568,WRLD,RT WRLD-SFRD  SOUTH FLAT RD,WRLD-SFRD,WRLD-SFRD
1569,WRLD,RT WRLD-HNVR HANOVER,WRLD-HNVR,WRLD-HNVR
1570,WRLD,RT WRLD-WNCH  WINCHESTER,WRLD-WNCH,WRLD-WNCH
1571,WRLD,RT WRLD-RDTH ROAD 13,WRLD-RDTH,WRLD-RDTH
1572,WRLD,RT WRLD-NWTR NOWATER,WRLD-NWTR,WRLD-NWTR
1573,WRLD,RT WRLD-BLUF BLUFF,WRLD-BLUF,WRLD-BLUF
1574,WRLD,RT WRLD-CTWD COTTONWOOD,WRLD-CTWD,WRLD-CTWD
1575,WRLD,RT WRLD-SDCR SAND CREEK,WRLD-SDCR,WRLD-SDCR
1576,WRLD,RT WRLD-SESM SESAME ST,WRLD-SESM,WRLD-SESM
1577,WORLAND,WORLAND,WRLDWYXC,WRLD-CO
1578,SHOSHONI,RT SHSH-BEYE BIRDSEYE,SHSH-BEYE,SHSH-BEYE
1579,SHOSHONI,RT SHSH-BYSN  BOYSEN,SHSH-BYSN,SHSH-BYSN
1580,SHSH,RT SHSH-LCGP  LOST CABIN GAS PLANT,SHSH-LCGP,SHSH-LCGP
1581,THRM,RT THRM-LCRN  LUCERNE,THRM-LCRN,THRM-LCRN
1582,THRM,RT THRM-SNSD SUNNYSIDE,THRM-SNSD,THRM-SNSD
1584,THRM,BUFFALO CREEK RD,THRMWYXCRS1,THRM-BFCR
1586,WRLD,RT WRLD-SHPL  SHEEP LOT,WRLD-SHPL,WRLD-SHPL
1587,MRCR,RT MRCR-PHVN PINE HAVEN HUT,MRCR-PHVN,MRCR-PHVN
1786,ASHLAND,ASHLAND,ASLDMTXCRS1,ASLD-CO
1787,ASHLAND,FORT HOWE,ASLDMTXCRS1,ASLD-FTHW
1788,ASHLAND,ASHLAND NORTH,ASLDMTXCRS1,ASLD-ASHN
1789,ASHLAND,EAST FORK,ASLDMTXCRS1,ASLD-EFRK
1790,ASHLAND,HALEY,ASLDMTXCRS1,ASLD-HALY
1791,ASHLAND,ODELL CK,ASLDMTXCRS1,ASLD-ODEL
1792,ASHLAND,ASHLAND MICROWAVE,ASLDMTXCRS1,ASLD-MICRO
1793,ASHLAND,OTTER CREEK,ASLDMTXCRS1,ASLD-OTTR
1794,ASHLAND,DOUBLE EE,ASLDMTXCRS1,ASLD-EEHT
1795,BIRNEY,BIRNEY VILLAGE,BRNYMTXCRS1,BRNY-BVIL
1796,BIRNEY,BIRNEY,BRNYMTXCRS1,BRNY-CO
1797,BIRNEY,MIKESELL,BRNYMTXCRS1,BRNY-MIKS
1798,BIRNEY,HOSFORD,BRNYMTXCRS1,BRNY-HOSF
1799,NORTH BROADUS,N. BROADUS,BRDSMTXBDS0,NBRD-CO
1800,NORTH BROADUS,POWDERVILLE,BRDSMTXBDS0,NBRD-PRDV
1801,BROADUS,CAMPS PASS,BRDSMTXBDS0,BRDS-CMPS
1802,BROADUS,E BIDDLE,BRDSMTXBDS0,BRDS-EBDL
1803,BROADUS,BIDDLE,BRDSMTXBDS0,BRDS-BIDL
1804,BROADUS,W BIDDLE,BRDSMTXBDS0,BRDS-WBDL
1805,BROADUS,W WEST BIDDLE,BRDSMTXBDS0,BRDS-WWBD
1806,BROADUS,BELLE CREEK,BRDSMTXBDS0,BRDS-BLCK
1807,BROADUS,BOYES,BRDSMTXBDS0,BRDS-BOYS
1808,BROADUS,HAMMOND,BRDSMTXBDS0,BRDS-HMMD
1809,BROADUS,N BOYES,BRDSMTXBDS0,BRDS-NBYS
1810,BROADUS,NN BOYES,BRDSMTXBDS0,BRDS-NNBS
1811,BROADUS,S POWDER RIVER,BRDSMTXBDS0,BRDS-SPRV
1812,BROADUS,SONNETTE,BRDSMTXBDS0,BRDS-SONN
1813,BROADUS,FREDRICKSON,BRDSMTXBDS0,BRDS-FRED
2014,KAYC,RT KAYC-GRCH GORDON RANCH,KAYC-GRCH,KAYC-GRCH
2015,KAYC,RT KAYC-MWTH MAYOWORTH,KAYC-MWTH,KAYC-MWTH
2016,KAYC,RT KAYC-DRCR DRY CREEK,KAYC-DRCR,KAYC-DRCR
2017,KAYC,RT KAYC-NPRV NORTH POWDER RIVER,KAYC-NPRV,KAYC-NPRV
2018,KAYC,RT KAYC-PRCC PINE RIDGE CATTLE COMPANY,KAYC-PRCC,KAYC-PRCC
2019,KAYC,RT KAYC-NBNM NORTH BARNUM,KAYC-NBNM,KAYC-NBNM
2020,KAYC,RT KAYC-KCEA KAYCEE EAST,KAYC-KCEA,KAYC-KCEA
2021,KAYC,RT KAYC-LNTR LONE TREE,KAYC-LNTR,KAYC-LNTR
2022,KAYC,RT KAYC-SUSX SUSSEX,KAYC-SUSX,KAYC-SUSX
2023,KAYC,RT KAYC-BRNM BARNUM,KAYC-BRNM,KAYC-BRNM
2024,KAYC,RT KAYC-BRKR BROCK RD,KAYC-BRKR,KAYC-BRKR
2025,KAYC,RT KAYC-LNBR LONE BEAR,KAYC-LNBR,KAYC-LNBR
2026,KAYC,RT KAYC-WCSC WILLOW CREEK SCHOOL,KAYC-WCSC,KAYC-WCSC
2027,KAYC,Kaycee,KAYCWYAB,KAYC-CO
2028,MRCR,RT MRCR-CBCR CABIN CREEK,MRCR-CBCR,MRCR-CBCR
2029,MRCR,RT MRCR-RKNK ROCKING K,MRCR-RKNK,MRCR-RKNK
2030,MRCR,RT MRCR-PJCT PINE HAVEN JUNCTION,MRCR-PJCT,MRCR-PJCT
2031,MRCR,RT MRCR-OSRD OLD SUNDANCE RD,MRCR-OSRD,MRCR-OSRD
2032,MRCR,RT MRCR-HKAY H-KAY RD,MRCR-HKAY,MRCR-HKAY
2034,MRCR,RT MRCR MOORCROFT,MRCR,MRCR-CO
2035,UPTN,RT UPTN-THRN THORNTON RD,UPTN-THRN,UPTN-THRN
2036,UPTN,RT UPTN-ACRD ARCH CREEK RD,UPTN-ACRD,UPTN-ACRD
2037,UPTN,RT UPTN-SODA SODA BUTTE,UPTN-SODA,UPTN-SODA
2038,UPTN,RT UPTN-GBVL GERBERVILLE,UPTN-GBVL,UPTN-GBVL
2039,UPTN,RT UPTN-FIDL FIDDLE CREEK,UPTN-FIDL,UPTN-FIDL
2040,UPTN,RT UPTN-RVCR RAVEN CREEK RD,UPTN-RVCR,UPTN-RVCR
2043,MRCR,RT MRCR-BRTH BERTHA RD,MRCR-BRTH,MRCR-BRTH
2045,UPTN,RT UPTN UPTON,UPTN,UPTN-CO
2246,BAGGS,DAD HUT,BGGSWYXCDS0,BGGS_WY_DAD_HUT
2248,BAGGS,SAVERY,BGGSWYXCDS0,BGGS_WY_SAVERY_HUT
2249,BAGGS,GOLDBLOSSOM,BGGSWYXCDS0,GBLM SAI CABINET
2250,BAGGS,THREE FORKS,BGGSWYXCDS0,TFKS SAI CABINET
2251,BAGGS,MCKEE,BGGSWYXCDS0,MKEE SAI CABINET
2252,BAGGS,OLD SCHOOL,BGGSWYXCDS0,OSCH SAI CABINET
2253,BAGGS,NORTH BAGGS,BGGSWYXCDS0,NBAG CABINET
2254,BAGGS,WEBER MESA,BGGSWYXCDS0,WBRM SAI CABINET
2255,BAGGS,SHEEHAN LANE,BGGSWYXCDS0,SHNL SAI PON CABINET
2256,BAGGS,BAGGS,BGGSWYXCDS0,BAGGS CO
2257,BAGGS,SLATER,BGGSWYXCDS0,SLTR SAI CABINET
2258,BAGGS,POISON BUTTES,BGGSWYXCDS0,BGGS_WY_BAGGS_GARAGE POSN
2259,BAGGS,O'TOOLE,BGGSWYXCDS0,OTOL SAI H-BRACE
2260,BAGGS,IMTS,BGGSWYXCDS0,IMTS HUT
2271,ALBIN,RT ALBN ALBIN,ALBN,ALBN-CO
2307,,ELEMENT NOT FOUND,SHOSHONI CO,CENTRALOFFICE-2307
2512,HLTT,RT HLTT-ALZD ALZADA,HLTT-ALZD,HLTT-ALZD
2513,HLTT,RT HLTT-MONA MONA RD,HLTT-MONA,HLTT-MONA
2514,HLTT,RT HLTT-GLDD GOLDIE DIVIDE,HLTT-GLDD,HLTT-GLDD
2515,HLTT,RT HLTT-LTLM LITTLE MISSOURI,HLTT-LTLM,HLTT-LTLM
2516,HLTT,RT HLTT-NWHV NEW HAVEN,HLTT-NWHV,HLTT-NWHV
2517,HLTT,RT HLTT-SHLN SHADY LN,HLTT-SHLN,HLTT-SHLN
2518,HLTT,RT HLTT-BRCY BARLOW CANYON,HLTT-BRCY,HLTT-BRCY
2519,HLTT,RT HLTT-DVLT DEVILS TOWER,HLTT-DVLT,HLTT-DVLT
2520,HLTT,RT HLTT-DTJC DEVILS TOWER JUNCTION,HLTT-DTJC,HLTT-DTJC
2521,HLTT,RT HLTT-RGSC RIDGE SCHOOL,HLTT-RGSC,HLTT-RGSC
2522,HLTT,RT HLTT-RKPT ROCKY POINT,HLTT-RKPT,HLTT-RKPT
2523,HLTT,RT HLTT-RDGE RIDGE HUT,HLTT-RDGE,HLTT-RDGE
2524,MDWS,RT MDWS-IBLN IBERLAN RANCH,MDWS-IBLN,MDWS-IBLN
2525,MDWS,RT MDWS-EGTN EDGERTON,MDWS-EGTN,MDWS-EGTN
2526,MDWS,RT MDWS-NARE NAVAL RESERVE,MDWS-NARE,MDWS-NARE
2527,MDWS,RT MDWS-LNCH LINCH HUT,MDWS-LNCH,MDWS-LNCH
2528,MDWS,RT MDWS MIDWEST,MDWS,MDWS-CO
2529,NWCS,RT NWCS-BKHN BUCKHORN,NWCS-BKHN,NWCS-BKHN
2530,NWCS,RT NWCS-SGVR SOUTH GRIEVES RD,NWCS-SGVR,NWCS-SGVR
2531,NWCS,RT NWCS-CYRD CHEYENNE RIVER RD,NWCS-CYRD,NWCS-CYRD
2532,NWCS,RT NWCS-MALO MALLO RD,NWCS-MALO,NWCS-MALO
2533,NWCS,RT NWCS-FCNR FOUR CORNERS HUT,NWCS-FCNR,NWCS-FCNR
2534,NWCS,RT NWCS-BRNK BREAKNECK,NWCS-BRNK,NWCS-BRNK
2535,NWCS,RT NWCS-RGLN RAGLAND,NWCS-RGLN,NWCS-RGLN
2536,NWCS,RT NWCS-FDRD FOX DRAW RD,NWCS-FDRD,NWCS-FDRD
2537,NWCS,104 X BOX,WRLDWYXCDS0,NWCS-104
2538,NWCS,RT NWCS-CNTR CENTER,NWCS-CNTR,NWCS-CNTR
2539,NWCS,RT NWCS-MRRS MORRISSEY,NWCS-MRRS,NWCS-MRRS
2540,NWCS,Newcastle,NWCSWYXC,NWCS-CO
2541,NWCS,RT NWCS-SALM SALEM,NWCS-SALM,NWCS-SALM
2542,NWCS,RT NWCS-SCRD SALT CREEK RD,NWCS-SCRD,NWCS-SCRD
2543,NWCS,CHRS,NWCSWYXCDS0,NWCS-CHRS
2544,NWCS,RT NWCS-WMSC WEST MUSH CREEK,NWCS-WMSC,NWCS-WMSC
2545,NWCS,RT NWCS-MSCR MUSH CREEK,NWCS-MSCR,NWCS-MSCR
2546,NWCS,RT NWCS-SKCR SKULL CREEK,NWCS-SKCR,NWCS-SKCR
2547,NWCS,RT NWCS-GVRD GRIEVES RD,NWCS-GVRD,NWCS-GVRD
2548,NWCS,CSTH REMOTE,NWCSWYXCDS0,NWCS-CSTH
2549,NWCS,RT NWCS-BRDR BRUCE/DARLINGTON RD,NWCS-BRDR,NWCS-BRDR
2550,NWCS,RT NWCS-KELN KEELINE,NWCS-KELN,NWCS-KELN
2551,NWCS,RT NWCS-DLWR 2110 DELAWARE APTS,NWCS-DLWR,NWCS-DLWR
2552,NWCS,RT NWCS-SWTR SWEETWATER RD,NWCS-SWTR,NWCS-SWTR
2553,NEWCASTLE,RT NWCS-DEWY DEWEY,NWCSWYXCDS0,NWCS-DEWY
2554,NWCS,RT NWCS-EKMT ELK MOUNTAIN,NWCS-EKMT,NWCS-EKMT
2555,NWCS,ELEMENT NOT FOUND,NWCSWYXCDS0,NWCS-GLTC
2557,NEWCASTLE,RT NWCS-RLRD RAILROAD,NWCS-RLRD,NWCS-RLRD
2558,NWCS,RT NWCS-SCRD SALT CREEK RD,NWCS-SCRD,NWCS-SCRD_1
2559,OSAG,RT OSAG-SKUL SKULL CREEK RD,OSAG-SKUL,OSAG-SKUL
2561,OSAG,RT OSAG-CLSP CLAY SPUR RD,OSAG-CLSP,OSAG-CLSP
2563,HLTT,RT HLTT-ALVA ALVA,HLTT-ALVA,HLTT-ALVA
2564,HLTT,RT HLTT-OSHO OSHOTO,HLTT-OSHO,HLTT-OSHO
2565,MDWS,RT MDWS-TEPT TEAPOT,MDWS-TEPT,MDWS-TEPT
2566,NWCS,RT NWCS-OCRD OIL CREEK RD,NWCS-OCRD,NWCS-OCRD
2567,NWCS,RT NWCS-WPCN WHOOPUP CANYON,NWCS-WPCN,NWCS-WPCN
2768,BUSBY,BUSBY WEST,BSBYMTXCRS1,BSBY-BSBW
2769,BUSBY,BUSBY SOUTH,BSBYMTXCRS1,BSBY-BSBS
2770,BUSBY,HAMMOND RADIO 2,BSBYMTXCRS1,BSBY-HRD2
2771,BUSBY,HAMMOND E3-12,BSBYMTXCRS1,BSBY-HMMD
2772,BUSBY,HAMMOND RADIO 1,BSBYMTXCRS1,BSBY-HRD1
2773,BUSBY,BUSBY,BSBYMTXCRS1,BSBY-CO
2774,BUSBY,BOUNDARY HUT,BSBYMTXCRS1,BSBY-BNDY
2775,DECKER,SPRING CREEK,DCKRMTXCRS1,DCKR-SPCK
2776,DECKER,KIRBY,DCKRMTXCRS1,DECK-KRBY
2777,DECKER,ASH CREEK,DCKRMTXCRS1,DCKR-ASHC
2778,DECKER,YOUNGS CREEK,DCKRMTXCRS1,DCKR-YONG
2779,DECKER,GORMAN SUBDIVISION,DCKRMTXCRS1,DCKR-GORM
2780,DECKER,BADGER CREEK,DCKRMTXCRS1,DCKR-BDGR
2781,DECKER,PINE BUTTE,DCKRMTXCRS1,DCKR-PNBT
2782,DECKER,FORKS RANCH,DCKRMTXCRS1,DCKR-FKRN
2783,DECKER,DECKER,DCKRMTXCRS1,DCKR-CO
2784,LAMEDEER,LAME DEER CENTRAL OFFICE,LMDRMTXCRS1,LMDR-CO
2785,LAMEDEER,LAME DEER S,LMDRMTXCRS1,LMDR-LMDS
2786,LAMEDEER,MUDDY SOUTH,LMDRMTXCRS1,LMDR-MCKS
2787,LAMEDEER,MUDDY CLUSTER,LMDRMTXCRS1,LMDR-MDCL
2788,LAMEDEER,LAME DEER N,LMDRMTXCRS1,LMDR-LMDN
2790,SOUTHEAST SHERIDAN,CAT CREEK,SESNWYXCDS0,SESN-CTCK
2791,SOUTHEAST SHERIDAN,DOW PRONG,SESNWYXCDS0,SESN-DOWP
2792,SOUTHEAST SHERIDAN,UCROSS,SESNWYXCDS0,SESN-UXRS
2793,SOUTHEAST SHERIDAN,JIM CREEK,SESNWYXCDS0,SESN-JIMC
2794,SOUTHEAST SHERIDAN,SHERIDAN,SESNWYXCDS0,SESN-CO
2795,SOUTHEAST SHERIDAN,PINEY CREEK,SESNWYXCDS0,SESN-PNCK
2796,SOUTHEAST SHERIDAN,HARDESTY,SESNWYXCDS0,SESN-HARD
2840,OSAGE,RT OSAG OSAGE,OSAGWYXCRS1,OSAG-CO
2841,HLTT,RT HLTT HULETT,HLTT,HLTT-CO
2855,SHERIDAN,SHERIDAN ACT POP,SHRDWYCTDS0,SHRD-ACTP
2856,SHOSHONI,SHOSHONI,SHSHWYXC,SHSH-CO
2857,,RT BRNS-ALPH ALPHA,BRNS-ALPH,BRNS-ALPH
2858,,RT BRNS-HLDN HILLSDALE NORTH,BRNS-HLDN,BRNS-HLDN
2859,,RT BRNS-WGWL WAGON WHEEL,BRNS-WGWL,BRNS-WGWL
2860,MRCR,RT MRCR-IKCR INYAN KARA CREEK,MRCR-IKCR,MRCR-IKCR
2861,,RT PNBL-PAPT 411 PINE ST APTS,PNBL-PAPT,PNBL-PAPT
2862,,RT PNBL-PBHS PINE BLUFFS HIGH SCHOOL,PNBL-PBHS,PNBL-PBHS
2864,,RT THRM-KRBY  KIRBY,THRM-KRBY,THRM-KRBY
2865,,RT WRLD-APPL 200 S ROAD 11,WRLD-APPL,WRLD-APPL
2866,WORLAND,ASPEN MEADOWS APTS,WRLDWYXCDS0,WRLD-ASPM
2867,WRLD,RT WRLD-BHRN BIG HORN,WRLD-BHRN,WRLD-BHRN
2868,WORLAND,RT WRLD-CBSN 1200 CULBERTSON AVE,WRLD-CBSN,WRLD-CBSN
2869,WORLAND,WCCH,WRLDWYXCDS0,WRLD-WCCH
2870,,RT WRLD-HOWL 1901 HOWELL AVE,WRLD-HOWL,WRLD-HOWL
2876,BAGGS,DIXON,BGGSWYXCDS0,DIXON HUT
2886,BROADUS,S BROADUS,BRDSMTXBDS0,BRDS-SBRD
2887,BROADUS,JET ROCK,BRDSMTXBDS0,BRDS-JTRK
2888,RT NWCS-OCRD OIL CREEK RD,ELEMENT NOT FOUND,NWCS-OCRD,NWCS-OC
2892,WORLAND,RT WRLD-RBSN 1007 ROBERTSON AVE,WRLD-RBSN,WRLD-RBSN
2893,BROADUS,CAPP RADIO,BRDSMTXBDS0,BRDS-CAPP
2894,NWCS,ELEMENT NOT FOUND,,CENTRALOFFICE-2894
3094,ARVADA,LEITER NORTH CXR,ARVDWYXCRS1,ARVD-LTRN
3095,ARVADA,CABIN CREEK CXR,ARVDWYXCRS1,ARVD-CBCK
3096,ARVADA,4G CLUBHOUSE CXR,ARVDWYXCRS1,ARVD-FRGE
3098,ARVADA,TR RANCH CXR,ARVDWYXCRS1,ARVD-TRRC
3099,ARVADA,WILD HORSE CXR,ARVDWYXCRS1,ARVD-WDHR
3101,ARVADA,POWDER RIVER 4 CXR,ARVDWYXCRS1,ARVD-PRFR
3102,ARVADA,NORTH POWDER RIVER CXR,ARVDWYXCRS1,ARVD-NPWD
3103,ARVADA,POWDER RIVER 1 CXR,ARVDWYXCRS1,ARVD-PRON
3104,ARVADA,ARVADA CENTRAL OFFICE,ARVDWYXCRS1,ARVD-CO
3105,ARVADA,CMS GAS X CXR,ARVDWYXCRS1,ARVD-CMSG
3106,CLEARMONT,CRAZY WOMAN 3 CXR,CLMTWYXCRS1,CLMT-CWTR
3107,CLEARMONT,LEITER CXR,CLMTWYXCRS1,CLMT-LITR
3108,CLEARMONT,CRAZY WOMAN 2 CXR,CLMTWYXCRS1,CLMT-CWTW
3109,CLEARMONT,CRAZY WOMAN 1 CXR,CLMTWYXCRS1,CLMT-CWON
3111,HYSHAM,MID-SPAN CXR,HYSHMTXCRS1,HYSH-MDSP
3112,HYSHAM,HORSE CREEK CXR,HYSHMTXCRS1,HYSH-HSCK
3113,HYSHAM,VANANDA CXR,HYSHMTXCRS1,HYSH-VNDA
3114,HYSHAM,CASTLE ROCK CXR,HYSHMTXCRS1,HYSH-CSRK
3115,HYSHAM,SARPY MINE CXR,HYSHMTXCRS1,HYSH-SRPM
3116,HYSHAM,TULLOCK CREEK CXR,HYSHMTXCRS1,HYSH-TLCK
3117,HYSHAM,HYSHAM CENTRAL OFFICE,HYSHMTXCRS1,HYSH-CO
3118,HYSHAM,MYERS CXR,HYSHMTXCRS1,HYSH-MYRS
3119,HYSHAM,CUNNINGHAM CXR,HYSHMTXCRS1,HYSH-CNHN
3120,HYSHAM,LIND CXR,HYSHMTXCRS1,HYSH-LIND
3121,HYSHAM,BAYLES CXR,HYSHMTXCRS1,HYSH-BYLS
3123,FORSYTH,FORSTYH CXR 3 CABINET,FRSYMTXCDS1,FRSY-FRTR
3124,FORSYTH,FORSYTH CXR 4 CABINET,FRSYMTXCDS1,FRSY-FRFR
3125,FORSYTH,FORSYTH CXR 2 CABINET,FRSYMTXCDS1,FRSY-FRTW
3126,FORSYTH,FORSYTH CXR 1 CABINET,FRSYMTXCDS1,FRSY-FRON
3326,ALZADA,ALZADA CENTRAL OFFICE,ALZDMTXCRS1,ALZD-CO
3327,ALZADA,WEST ALZADA,ALZDMTXCRS1,ALZD-WALZ
3328,ALZADA,ALBION HUT,ALZDMTXCRS1,ALZD-ALBI
3329,ALZADA,HAUL ROAD CXR,ALZDMTXCRS1,ALZD-HAUL
3331,ROSEBUD,ROSEBUD CREEK HUT,RSBDMTXCRS1,RSBD-RBCK
3332,ROSEBUD,HATHAWAY,RSBDMTXCRS1,RSBD-HTHW
3333,ROSEBUD,ROSEBUD CENTRAL OFFICE,RSBDMTXCRS1,RSBD-CO
3334,ROSEBUD,ROSEBUD BUTTE MICROWAVE SITE,RSBDMTXCRS1,RSBD-RSBT
3335,SOUTH MILES CITY,SOUTH MILES CITY CO,MLCYMTXCRS1,MLCY-CO
3336,SOUTH MILES CITY,B HUT,MLCYMTXCRS1,MLCY-BHUT
3338,SOUTH MILES CITY,T HUT,MLCYMTXCRS1,MLCY-THUT
3339,SOUTH MILES CITY,A HUT,MLCYMTXCRS1,MLCY-AHUT
3343,SOUTH MILES CITY,D HUT,MLCYMTXCRS1,MLCY-DHUT
3344,SOUTH MILES CITY,E HUT,MLCYMTXCRS1,MLCY-EHUT
3345,SOUTH MILES CITY,F HUT,MLCYMTXCRS1,SMCY-FHUT
3346,SOUTH MILES CITY,C HUT,MLCYMTXCRS1,MLCY-CHUT
3348,SOUTH MILES CITY,SY SCHOOL CXR,MLCYMTXCRS1,MLCY-SYSC
3349,SOUTH MILES CITY,JACK CREEK CXR,MLCYMTXCRS1,MLCY-JCKR
3350,SOUTH MILES CITY,COWBOY CXR,MLCYMTXCRS1,MLCY-CWBY
3351,SOUTH MILES CITY,NELSON CREEK,MLCYMTXCRS1,MLCY-NSNC
3352,SOUTH MILES CITY,PRAT CREEK CXR,MLCYMTXCRS1,MLCY-PRTC
3353,FORSYTH,FORSYTH CXR5 CABINET,FRSYMTXCDS1,FRSY-FRFV
3354,FORSYTH,FORSYTH CXR6 CABINET,FRSYMTXCDS1,FRSY-FRSX
3355,,,,
3356,GILLETTE,PINE TREE,GLTTWYHF0MD,GLTT-PNTR
3370,,,,AT&T 10139691
3374,ROSEBUD,NORTH ROSEBUD HUT,RSBDMTXCRS1,RSBD-NRSB
3375,FORSYTH,HOWARD CXR,FRSYMTXCDS1,FRSY-HOWD
3376,,,,
3773,DUBOIS,BROOKS LAKE,DUBSWYXCDS0,BRKS SAI CABINET
3774,DUBOIS,UPPER DUNOIR,DUBSWYXCDS0,UDNR SAI
3775,DUBOIS,LOWER DUNOIR,DUBSWYXCDS0,LDNR SAI
3776,DUBOIS,BUFFALO BUTTES,DUBSWYXCDS0,BUFF SAI CABINET
3777,DUBOIS,RIVER PARK,DUBSWYXCDS0,RPRK CABINET SAI
3778,DUBOIS,JAKEY'S FORK,DUBSWYXCDS0,JFRK CABINET SAI
3779,DUBOIS,EAST FORK,DUBSWYXCDS0,EFRK SAI CABINET
3780,DUBOIS,THUNDERHEAD,DUBSWYXCDS0,THED CABINET SAI
3781,DUBOIS,BITTERROOT,DUBSWYXCDS0,BROT CABINET SAI
3782,DUBOIS,DINWOODY,DUBSWYXCDS0,DNWY CABINET SAI
3783,DUBOIS,BURRIS,DUBSWYXCDS0,BURS CABINET SAI
3784,DUBOIS,PORCUPINE,DUBSWYXCDS0,PORC CABINET SAI
3785,DUBOIS,RICE,DUBSWYXCDS0,RICE HUT SAI
3786,DUBOIS,DUNOIR,DUBSWYXCDS0,DUNR HUT SAI
3787,DUBOIS,TETON VALLEY RANCH CAMP,DUBSWYXCDS0,TVRC CABINESAI
3788,DUBOIS,TIMBERLINE,DUBSWYXCDS0,TIMB HUT SAI
3789,DUBOIS,PINNACLES,DUBSWYXCDS0,PINN HUT SAO
3790,DUBOIS,UNION PASS,DUBSWYXCDS0,UPAS HUT SAI
3791,DUBOIS,UPPER LITTLE WARM SPRINGS,DUBSWYXCDS0,ULWS HUT SAI
3792,DUBOIS,TORREY LAKE,DUBSWYXCDS0,TRLY CABINET SAI
3793,DUBOIS,EAST DINWOODY,DUBSWYXCDS0,EDIN CABINET SAI
3795,DUBOIS,TOGWOTEE,DUBSWYXCDS0,TOGW HUT ONLY
3796,DUBOIS,RIVERS EDGE,DUBSWYXCDS0,REDG CABINET
3797,DUBOIS,CROWHEART,DUBSWYXCDS0,CWHT HUT SAI
3798,DUBOIS,PAINTED HILLS,DUBSWYXCDS0,PTHL CABINET PON SAI
3799,DUBOIS,DUBOIS,DUBSWYXCDS0,DUBS CO SAI
3800,DUBOIS,EAST CROWHEART,DUBSWYXCDS0,ECRW SAI
3801,DUBOIS,WINDY,DUBSWYXCDS0,WIND BLDG IS NOW A SAI
3802,DUBOIS,BURRIS-LENORE,DUBSWYXCDS0,BURL CABINET SAI
3803,DUBOIS,WARM VALLEY LODGE,DUBSWYXCDS0,WVLG
3804,DUBOIS,HEADWATERS,DUBSWYXCDS0,HEADWATERS
3806,DUBOIS,WELLS FARGO,DUBSWYXCDS0,WFAR IN SUBSCRIBER BLDG THEIR SAI
3807,DUBOIS,STONEY POINT,DUBSWYXCDS0,STPT CABINET SAI
3808,DUBOIS,BLUE,DUBSWYXCDS0,BLUE SAI H-BRACE
3809,DUBOIS,RING LAKE RANCH,DUBSWYXCDS0,RGRH H-BRACE SAI
3810,DUBOIS,LAKE RANCH,DUBSWYXCDS0,LKRH PROPOSED SAI H-BRACE
3811,DUBOIS,RED ROCKS,DUBSWYXCDS0,REDR H-BRACE SAI
3812,DUBOIS,WEST DINWOODY,DUBSWYXCDS0,WDIN H-BRACE SAI
3813,DUBOIS,SPRING RANCH,DUBSWYXCDS0,SPRH H-BRACE SAI
3816,DUBOIS,UPPER HILL,DUBSWYXCDS0,UPHL H-BRACE SAI
3818,DUBOIS,LITTLE WARM SPRINGS,DUBSWYXCDS0,LWSP H-BRACE SAI
3819,DUBOIS,MUSTANG,DUBSWYXCDS0,MSTG H-BRACE SAI
3820,DUBOIS,CM RANCH,DUBSWYXCDS0,CMRH SAI
3821,DUBOIS,DIAMOND D RANCH,DUBSWYXCDS0,DDRH H-BRACE SAI
3822,DUBOIS,RIVERVIEW PARK,DUBSWYXCDS0,RVPK CABINET SAI
3823,DUBOIS,TIE HACK,DUBSWYXCDS0,THCK SAI H-BRACE
3824,DUBOIS,UTZINGER,DUBSWYXCDS0,UTZR CABINET SAI
3825,DUBOIS,RED BARN LANE,DUBSWYXCDS0,REDB H-BRACE SAI
3826,DUBOIS,CROOKED CREEK,DUBSWYXCDS0,CCRK H-BRACE SAI
3827,DUBOIS,PINNACLES SUMMER,DUBSWYXCDS0,PINS SAI H-BRACE
3828,DUBOIS,CRAWFORD,DUBSWYXCDS0,CRAW PENDING H-BRACE
3829,BUFFALO,BFLO-BRRT,BFLOWYA01MD,CENTRALOFFICE-3829
3830,BUFFALO,BFLO-POP,BFLOWYA01MD,CENTRALOFFICE-3830
3831,BUFFALO,BFLO-HART,BFLOWYA01MD,CENTRALOFFICE-3831
3832,BUFFALO,BFLO-LOBN,BFLOWYA01MD,CENTRALOFFICE-3832
3833,CASPER,CSPR-POP,SHRDWYCTDS0,CENTRALOFFICE-3833
3835,POWDER RIVER,POWDER RIVER,SHSHWYXCRS1,PRRR-PRRR
3836,HILAND,HLND,SHSHWYXCRS1,HLND-HLND
4044,SUNDANCE,ALLADIN CXR,SNDNWYXCRS0,SNDN-ALDN
4045,SUNDANCE,RIFLE PIT CXR,SNDNWYXCRS0,SNDN-RFPT
4046,SUNDANCE,TALLEY CXR,SNDNWYXCRS0,SNDN-TALY
4047,SUNDANCE,NEW CASTLE CXR,SNDNWYXCRS0,SNDN-NWCL
4048,SUNDANCE,ENERGY ELECTRIC CXR,SNDNWYXCRS0,SNDN-ENGY
4049,SUNDANCE,WARREN PEAK,SNDNWYXCRS0,SNDN-WNPK
4050,SUNDANCE,FREMO HUT,SNDNWYXCRS0,SNDN-FRMO
4051,SUNDANCE,UPTON CXR,SNDNWYXCRS0,SNDN-UPTN
4052,SUNDANCE,SUNNY DIVIDE CXR,SNDNWYXCRS0,SNDN-SDVD
4053,SUNDANCE,SUNDANCE CENTRAL OFFICE,SNDNWYXCRS0,SNDN-CO
4054,SUNDANCE,VORE CXR,SNDNWYXCRS0,SNDN-VORE
4055,SUNDANCE,FOSTER HUT,SNDNWYXCRS0,SNDN-FSTR
4056,SUNDANCE,MOSKEE CXR,SNDNWYXCRS0,SNDN-MSKE
4057,SUNDANCE,COAL DIVIDE CXR,SNDNWYXCRS0,SNDN-CLDV
4058,SUNDANCE,BEULAH SOUTH,SNDNWYXCRS0,SNDN-BLHS
4059,SUNDANCE,GREEN MOUNTAIN CXR,SNDNWYXCRS0,SNDN-GRMT
4060,SUNDANCE,SUNDANCE SOUTHEAST CXR,SNDNWYXCRS0,SNDN-SDSE
4061,SUNDANCE,SUNDANCE SOUTHWEST CXR,SNDNWYXCRS0,SNDN-SDSW
4062,SUNDANCE,CROELL CABINET SITE,SNDNWYXCRS0,SNDN-CRLL
4063,SUNDANCE,GARMAN ROAD CXR,SNDNWYXCRS0,SNDN-GRMN
4064,SUNDANCE,MILLER CREEK CXR,SNDNWYXCRS0,SNDN-MLCR
4065,SUNDANCE,VISTA WEST CXR,SNDNWYXCRS0,SNDN-VSTA
4067,NEWCASTLE,WOOD,NWCSWYXCDS0,NWCS-WOOD
4069,NEWCASTLE,FRTR,NWCSWYXCDS0,NWCS-FRTR
4070,BAGGS,FOUR MILE CREEK,BGGSWYXCDS0,FOUR MILE CREEK
4071,ALZADA,MILL IRON,ALZDMTXCRS1,ALZD-MILL
4072,CLEARMONT,CLEARMONT CENTRAL OFFICE,CLMTWYXCRS1,CLMT-CO
4073,SUNDANCE,COOK LAKE,SNDNWYXCRS0,SNDN-COOK
4074,SUNDANCE,FROLANDER E3-12,SNDNWYXCRS0,SNDN-FROL
4075,SUNDANCE,SNOOKS ROAD CXR,SNDNWYXCRS0,SNDN-SNKS
4076,BAGGS,DIXON AIRPORT,BGGSWYXCDS0,DXAP H-BRACE SAI
4077,,,,
4078,CLEARMONT,TIPPERARY ROAD,CLMTWYXCRS1,CLMT-TIPP
4079,DUBOIS,CM RANCH,DUBSWYXCDS0,CMRH H-BRACE SAI
4080,CLEARMONT,CLEAR CREEK CXR,CLMTWYXCRS1,CLMT-CLCK
4081,,,,
4082,DUBOIS,LAZY L&B,DUBSWYXCDS0,LZLB H-BRACE SAI
4083,DUBOIS,DIDIER,DUBSWYXCDS0,DIDR H-BRACE SAI
4084,DUBOIS,EAST FORK,DUBSWYXCDS0,EFRK CABINET SAI
4087,DUBOIS,DUBOIS TOWN HALL,DUBSWYXCDS0,THAL CUSTOMER SAI
4089,DUBOIS,PILOT BUTTE,DUBSWYXCDS0,PTBT HUT SAI
4090,DUBOIS,RVTN-ETHT,RVTNWYBY1MD,ETHT HUT SAI
4091,DUBOIS,RVTN-FTWS,RVTNWYBY1MD,FTWS
4092,DUBOIS,DELETE APHO,RVTNWYBY1MD,DELETE EMPTY REMOTE NOT AN SAI
4094,DUBOIS,RVTN-POP,RVTNWYBY1MD,RIVERTON
4096,DUBOIS,TAYLOR CREEK,DUBSWYXCDS0,TCRK HUT SAI
4098,ARVADA,SPOTTED HORSE,ARVDWYXCRS1,ARVD-SPTH
4099,ARVADA,ARVADA EAST,ARVDWYXCRS1,ARVD-ARVE
4100,ROSEBUD,POLICH,RSBDMTXCRS1,RSBD-PLCH
4101,ROSEBUD,ASHLEY,RSBDMTXCRS1,RSBD-ASLY
4102,ROSEBUD,CARTERSVILLE CXR,RSBDMTXCRS1,RSBD-CRVL
4103,ROSEBUD,QUARTERHORSE E3-12,RSBDMTXCRS1,RSBD-QRHS
4104,ROSEBUD,LLOYD CXR,RSBDMTXCRS1,RSBD-LLYD
4105,ROSEBUD,SAND CREEK CXR,RSBDMTXCRS1,RSBD-SNCK
4106,ROSEBUD,COTTONWOOD,RSBDMTXCRS1,RSBD-CNWD
4107,SOUTH MILES CITY,LOCATE CXR,MLCYMTXCRS1,MLCY-LOCT
4110,,,,
4111,ROSEBUD,STIEGE CREEK CXR CABINET,RSBDMTXCRS1,RSBD-STCR
4112,FORSYTH,HAMMOND CABINET,FRSYMTXCDS1,FRSY-HAMM
4113,FORSYTH,FORSTYH CENTRAL OFFICE,FRSYMTXCDS1,FRSY-CO
4114,BROADUS,OLIVE,BRDSMTXBDS0,BRDS-OLIV
4115,LAMEDEER,JIMTOWN,LMDRMTXCRS1,LMDR-JIMT
4116,SOUTH BROADUS,SMITH,BRDSMTXBDS0,SBRD_SMTH
4117,SOUTH BROADUS,TERRETT BUTTE,BRDSMTXBDS0,SBRD_TERT
4118,SOUTH BROADUS,BAY HORSE ROAD,BRDSMTXBDS0,SBRD_BAYH
4119,SOUTH BROADUS,BEAR SKULL,BRDSMTXBDS0,SBRD_BRSK
4120,NORTH BROADUS,SPRING CREEK SCHOOL,BRDSMTXBDS0,NBRD-SCSL
4121,NORTH BROADUS,RUSSIANVILLE,BRDSMTXBDS0,NBRD_RSVL
4122,DUBOIS,WILDERNESS,DUBSWYXCDS0,WILD
4123,HYSHAM,SANDERS,HYSHMTXCRS1,HYSM-SNDR
4124,DECKER,ANKENY,DCKRMTXCRS1,DCKR-AKNY
4126,SUNDANCE,WATSON,SNDNWYXCRS0,SNDN-WTSN
4127,,,,
4128,SHERIDAN,SHERIDAN CO,SHRDWYCTDS0,SHRD-CO
4129,SHERIDAN,TEAL POND,SHRDWYCTDS0,SHRD-TLPD
4130,ASHLAND,HORKIN CREEK,ASLDMTXCRS1,HRCK-ASLD
4131,ASHLAND,KOLKA,ASLDMTXCRS1,ASLD-KLKA
4132,ASHLAND,HANSON,ASLDMTXCRS1,HNSN-ALSD
4133,ASHLAND,ASHLAND EAST,ASLDMTXCRS1,ASHE-ASLD
4134,HYSHAM,SANDERS CXR CABINET,HYSHMTXCRS1,HYSH-SNDR
4135,ASHLAND,ASHLAND DIVIDE,ASLDMTXCRS1,ASLD-DIVD
4136,ASHLAND,BRANDENBURG E3-12,ASLDMTXCRS1,ASLD-BRBG
4137,ASHLAND,DUNNING,ASLDMTXCRS1,ASLD-DUNN
4141,DUBOIS,TCRK,THRMWYXCRS1,Trial
4142,DUBOIS,TCRK,DUBSWYXCDS0,TCRK_RR101.102
4143,BAGGS,WEST GOLDBLOSSOM,BGGSWYXCDS0,WGBM
